BSEF14M001,Iftikhar Liaquat,8,3.49
BSEF14M002,Iftikhar Liaquat,8,3.49
BSEF14M003,Iftikhar Liaquat,8,3.49
BSEF14M004,Iftikhar Liaquat,8,3.49
BSEF14M005,Iftikhar Liaquat,8,3.49
BSEF14M006,Iftikhar Liaquat,8,3.49
BSEF14M007,Iftikhar Liaquat,8,3.49
BSEF14M008,Iftikhar Liaquat,8,3.49
BSEF14M009,Iftikhar Liaquat,8,3.49
BSEF14M010,Iftikhar Liaquat,8,3.49
BSEF14M011,Iftikhar Liaquat,8,3.49
BSEF14M012,Iftikhar Liaquat,8,3.49
BSEF14M013,Iftikhar Liaquat,8,3.49
BSEF14M014,Iftikhar Liaquat,8,3.49
BSEF14M015,Iftikhar Liaquat,8,3.49
BSEF14M016,Iftikhar Liaquat,8,3.49
BSEF14M017,Iftikhar Liaquat,8,3.49
BSEF14M018,Iftikhar Liaquat,8,3.49
BSEF14M019,Iftikhar Liaquat,8,3.49
BSEF14M020,Iftikhar Liaquat,8,3.49